alpha,reach_rate,mean_cost
0.0,0.8,0.7535877976190475
0.25,0.8,0.7535877976190475
0.5,0.8,0.7535877976190475
0.75,0.8,0.7535877976190475
1.0,0.8,0.7535877976190475
