alpha,reach_rate,mean_cost
0.0,0.9,0.4552566152572129
0.25,0.9,0.8080687571627223
0.5,0.9,1.003236528683839
0.75,0.9,1.1260031836581308
1.0,0.9,1.150327431899949
