variant,N,M,density,num_components,largest_component,weight_sum,weight_mean,weight_median,weight_max
V1,297,2345,0.048867048867048866,1,297,,,,
V2,297,2345,0.048867048867048866,1,297,8819.0,3.760767590618337,2.0,70.0
V3,297,2148,0.048867048867048866,1,297,8819.0,4.105679702048417,2.0,72.0
